{
  "Model ID": "8dea0107c8f34dd0",
  "Last Modified On": "2025-08-15T15:14:34.047031",
  "History (from least to most recent)": [
    "8dea0107c8f34dd0"
  ],
  "Description": "N/A",
  "Source Ontology": [],
  "Location": "N/A",
  "MetaCAT models": [],
  "Basic CDB Stats": {
    "Number of concepts": 3,
    "Number of names": 0,
    "Number of concepts that received training": 0,
    "Number of seen training examples in total": 0,
    "Average training examples per concept": 0.5,
    "Unsupervised training history": [],
    "Supervised training history": []
  },
  "Performance": {},
  "Important Parameters (Partial view, all available in cat.config)": {
    "config.ponents.ner.min_name_len": {
      "value": 3,
      "description": "Minimum detection length (found terms/mentions shorter than this will not be detected)."
    },
    "config.ponents.ner.upper_case_limit_len": {
      "value": 4,
      "description": "All detected terms shorter than this value have to be uppercase, otherwise they will be ignored."
    },
    "config.ponents.linking.similarity_threshold": {
      "value": 0.25,
      "description": "If the confidence of the model is lower than this a detection will be ignore."
    },
    "config.ponents.linking.filters.cuis": {
      "value": 0,
      "description": "Length of the CUIs filter to be included in outputs. If this is not 0 (i.e. not empty) its best to check what is included before using the model"
    },
    "config.general.spell_check": {
      "value": true,
      "description": "Is spell checking enabled."
    },
    "config.general.spell_check_len_limit": {
      "value": 7,
      "description": "Words shorter than this will not be spell checked."
    }
  },
  "MedCAT Version": "2.0.0.dev0"
}